Metric,Value
Silhouette Score,0.9008275087559989
Davies-Bouldin Index,0.0677035607237683
Calinski-Harabasz Score,74.36199467411566
